<modification>
	<id>Admin Link to Storefront</id>
	<version>1.0</version>
	<vqmver>2.1.5</vqmver>
	<author>Jason Clark(mithereal@gmail.com)</author>

	<file name="admin/language/english/common/header.php">
		<operation>
			<search position="after"><![CDATA[
		  	$_['text_logout']         
		  ]]>
		  </search>
			<add><![CDATA[
		  	$_['text_frontend']          = 'Store Front';
		  ]]>
		  </add>
		</operation>
	</file>

	<file name="admin/view/template/common/header.tpl">
		<operation>
			<search position="before"><![CDATA[
		  	       <li><a href="<?php echo $logout; ?>"><span class="hidden-xs hidden-sm hidden-md"><?php echo $text_logout; ?></span> <i class="fa fa-sign-out fa-lg"></i></a></li>

		  ]]>
		  </search>
			<add><![CDATA[
    <li><a href="<?php echo $frontend; ?>"><span class="hidden-xs hidden-sm hidden-md"><?php echo $text_frontend; ?></span> <i class="fa fa-building fa-lg"></i></a></li>
		  ]]>
		  </add>
		</operation>
	</file>
	
	<file name="admin/controller/common/header.php">
		<operation>
			<search position="after"><![CDATA[
			$data['logout'] = $this->url->link('common/logout', 'token=' . $this->session->data['token'], 'SSL');
		  ]]>
		  </search>
			<add><![CDATA[
			$data['frontend'] = HTTP_CATALOG;
			$data['text_frontend'] =  $this->language->get('text_frontend');
			]]>
		  </add>
		</operation>
	</file>
</modification>
